"Mutation (GRCh38)"	"Protein Position"	"Samples"	"Samples (%)"	"Consequence"	"Driver"	"Driver score"
"17:7675139:C>A"	"158"	"12"	"0.99"	"missense_variant"	"Driver"	"1"
"17:7675994:C>A"	"125"	"12"	"0.99"	"splice_region_variant"	"Passenger"	"0.26"
"17:7674229:C>A"	"245"	"9"	"0.74"	"missense_variant"	"Driver"	"1"
"17:7674872:T>C"	"220"	"9"	"0.74"	"missense_variant"	"Driver"	"1"
"17:7673728:C>A"	"298"	"7"	"0.58"	"stop_gained"	"Driver"	"0.98"
"17:7673802:C>T"	"273"	"7"	"0.58"	"missense_variant"	"Driver"	"1"
"17:7673802:C>A"	"273"	"6"	"0.49"	"missense_variant"	"Driver"	"1"
"17:7674217:C>A"	"249"	"6"	"0.49"	"missense_variant"	"Driver"	"1"
"17:7674238:C>A"	"242"	"6"	"0.49"	"missense_variant"	"Driver"	"1"
"17:7674894:G>A"	"213"	"6"	"0.49"	"stop_gained"	"Driver"	"1"
"17:7674957:G>A"	"192"	"6"	"0.49"	"stop_gained"	"Driver"	"1"
"17:7675143:C>A"	"157"	"6"	"0.49"	"missense_variant"	"Driver"	"1"
"17:7676040:C>A"	"110"	"6"	"0.49"	"missense_variant"	"Driver"	"0.99"
"17:7670682:C>A"	"343"	"5"	"0.41"	"stop_gained"	"Driver"	"1"
"17:7673537:G>A"	"331"	"5"	"0.41"	"stop_gained"	"Driver"	"1"
"17:7673796:C>A"	"275"	"5"	"0.41"	"missense_variant"	"Driver"	"1"
"17:7673823:C>A"	"266"	"5"	"0.41"	"missense_variant"	"Driver"	"1"
"17:7674220:C>A"	"248"	"5"	"0.41"	"missense_variant"	"Driver"	"1"
"17:7675076:T>C"	"179"	"5"	"0.41"	"missense_variant"	"Driver"	"1"
"17:7675182:G>A"	"144"	"5"	"0.41"	"stop_gained"	"Driver"	"0.99"
"17:7673579:G>A"	"317"	"4"	"0.33"	"stop_gained"	"Driver"	"0.98"
"17:7673776:G>A"	"282"	"4"	"0.33"	"missense_variant"	"Driver"	"1"
"17:7674220:C>G"	"248"	"4"	"0.33"	"missense_variant"	"Driver"	"1"
"17:7674250:C>T"	"238"	"4"	"0.33"	"missense_variant"	"Driver"	"1"
"17:7674252:C>T"	"237"	"4"	"0.33"	"missense_variant"	"Driver"	"1"
"17:7674292:T>C"	"-"	"4"	"0.33"	"splice_acceptor_variant"	"Not assessed"	""
"17:7674917:T>C"	"205"	"4"	"0.33"	"missense_variant"	"Driver"	"1"
"17:7674921:C>A"	"204"	"4"	"0.33"	"stop_gained"	"Driver"	"1"
"17:7674945:G>A"	"196"	"4"	"0.33"	"stop_gained"	"Driver"	"1"
"17:7674950:A>C"	"194"	"4"	"0.33"	"missense_variant"	"Driver"	"0.98"
"17:7675088:C>T"	"175"	"4"	"0.33"	"missense_variant"	"Driver"	"1"
"17:7675095:C>A"	"173"	"4"	"0.33"	"missense_variant"	"Driver"	"1"
"17:7675145:C>G"	"156"	"4"	"0.33"	"missense_variant"	"Driver"	"1"
"17:7675151:C>A"	"154"	"4"	"0.33"	"missense_variant"	"Driver"	"1"
"17:7676056:C>A"	"105"	"4"	"0.33"	"missense_variant"	"Driver"	"0.99"
"17:7670694:C>A"	"339"	"3"	"0.25"	"stop_gained"	"Driver"	"1"
"17:7670699:C>A"	"337"	"3"	"0.25"	"missense_variant"	"Driver"	"0.97"
"17:7670700:G>A"	"337"	"3"	"0.25"	"missense_variant"	"Driver"	"0.91"
"17:7673535:C>T"	"331"	"3"	"0.25"	"splice_region_variant"	"Driver"	"0.99"
"17:7673740:C>A"	"294"	"3"	"0.25"	"stop_gained"	"Driver"	"0.98"
"17:7673767:C>T"	"285"	"3"	"0.25"	"missense_variant"	"Driver"	"1"
"17:7673772:C>G"	"283"	"3"	"0.25"	"missense_variant"	"Driver"	"0.99"
"17:7673781:C>A"	"280"	"3"	"0.25"	"missense_variant"	"Driver"	"1"
"17:7673781:C>G"	"280"	"3"	"0.25"	"missense_variant"	"Driver"	"1"
"17:7673790:C>A"	"277"	"3"	"0.25"	"missense_variant"	"Driver"	"1"
"17:7674218:T>C"	"249"	"3"	"0.25"	"missense_variant"	"Driver"	"1"
"17:7674220:C>T"	"248"	"3"	"0.25"	"missense_variant"	"Driver"	"1"
"17:7674221:G>A"	"248"	"3"	"0.25"	"missense_variant"	"Driver"	"0.99"
"17:7674230:C>A"	"245"	"3"	"0.25"	"missense_variant"	"Driver"	"1"
"17:7674230:C>T"	"245"	"3"	"0.25"	"missense_variant"	"Driver"	"1"
"17:7674241:G>A"	"241"	"3"	"0.25"	"missense_variant"	"Driver"	"0.94"
"17:7674256:T>C"	"236"	"3"	"0.25"	"missense_variant"	"Driver"	"0.94"
"17:7674887:C>A"	"215"	"3"	"0.25"	"missense_variant"	"Driver"	"0.99"
"17:7674939:C>A"	"198"	"3"	"0.25"	"stop_gained"	"Driver"	"0.99"
"17:7674953:T>C"	"193"	"3"	"0.25"	"missense_variant"	"Driver"	"0.99"
"17:7675124:T>C"	"163"	"3"	"0.25"	"missense_variant"	"Driver"	"1"
"17:7675137:C>G"	"159"	"3"	"0.25"	"missense_variant"	"Driver"	"1"
"17:7675232:G>A"	"127"	"3"	"0.25"	"missense_variant"	"Driver"	"0.94"
"17:7675238:T>A"	"-"	"3"	"0.25"	"splice_acceptor_variant"	"Not assessed"	""
"17:7676059:G>A"	"104"	"3"	"0.25"	"stop_gained"	"Driver"	"1"
"17:7670685:G>A"	"342"	"2"	"0.16"	"stop_gained"	"Driver"	"0.99"
"17:7670699:C>G"	"337"	"2"	"0.16"	"missense_variant"	"Driver"	"0.97"
"17:7670708:C>A"	"334"	"2"	"0.16"	"missense_variant"	"Driver"	"0.8"
"17:7670709:C>A"	"334"	"2"	"0.16"	"missense_variant"	"Driver"	"0.8"
"17:7673534:C>A"	"-"	"2"	"0.16"	"splice_donor_variant"	"Not assessed"	""
"17:7673700:C>A"	"-"	"2"	"0.16"	"splice_donor_variant"	"Not assessed"	""
"17:7673740:C>-"	"294"	"2"	"0.16"	"frameshift_variant"	"Not assessed"	""
"17:7673764:C>G"	"286"	"2"	"0.16"	"missense_variant"	"Driver"	"1"
"17:7673764:C>T"	"286"	"2"	"0.16"	"missense_variant"	"Driver"	"1"
"17:7673779:C>A"	"281"	"2"	"0.16"	"missense_variant"	"Driver"	"1"
"17:7673782:T>C"	"280"	"2"	"0.16"	"missense_variant"	"Driver"	"0.99"
"17:7673787:G>C"	"278"	"2"	"0.16"	"missense_variant"	"Driver"	"0.99"
"17:7673787:G>T"	"278"	"2"	"0.16"	"missense_variant"	"Driver"	"0.99"
"17:7673793:G>T"	"276"	"2"	"0.16"	"missense_variant"	"Driver"	"0.83"
"17:7673800:C>A"	"274"	"2"	"0.16"	"missense_variant"	"Driver"	"0.98"
"17:7673806:C>A"	"272"	"2"	"0.16"	"missense_variant"	"Driver"	"1"
"17:7673820:C>A"	"267"	"2"	"0.16"	"missense_variant"	"Driver"	"1"
"17:7674191:C>A"	"258"	"2"	"0.16"	"stop_gained"	"Driver"	"0.99"
"17:7674200:T>A"	"255"	"2"	"0.16"	"missense_variant"	"Driver"	"0.98"
"17:7674214:G>A"	"250"	"2"	"0.16"	"missense_variant"	"Driver"	"0.93"
"17:7674216:C>A"	"249"	"2"	"0.16"	"missense_variant"	"Driver"	"0.99"
"17:7674233:C>A"	"244"	"2"	"0.16"	"missense_variant"	"Driver"	"1"
"17:7674906:T>A"	"209"	"2"	"0.16"	"stop_gained"	"Driver"	"0.98"
"17:7674947:A>G"	"195"	"2"	"0.16"	"missense_variant"	"Driver"	"0.98"
"17:7674951:G>A"	"194"	"2"	"0.16"	"missense_variant"	"Driver"	"0.99"
"17:7674972:C>A"	"-"	"2"	"0.16"	"splice_acceptor_variant"	"Not assessed"	""
"17:7675080:G>-"	"178"	"2"	"0.16"	"frameshift_variant"	"Not assessed"	""
"17:7675085:C>A"	"176"	"2"	"0.16"	"missense_variant"	"Driver"	"1"
"17:7675085:C>T"	"176"	"2"	"0.16"	"missense_variant"	"Driver"	"1"
"17:7675095:C>T"	"173"	"2"	"0.16"	"missense_variant"	"Driver"	"1"
"17:7675101:C>A"	"171"	"2"	"0.16"	"stop_gained"	"Driver"	"0.98"
"17:7675115:G>C"	"166"	"2"	"0.16"	"stop_gained"	"Driver"	"0.97"
"17:7675136:G>A"	"159"	"2"	"0.16"	"missense_variant"	"Driver"	"1"
"17:7675139:C>T"	"158"	"2"	"0.16"	"missense_variant"	"Driver"	"1"
"17:7675143:C>G"	"157"	"2"	"0.16"	"missense_variant"	"Driver"	"1"
"17:7675157:G>A"	"152"	"2"	"0.16"	"missense_variant"	"Driver"	"0.99"
"17:7675161:G>A"	"151"	"2"	"0.16"	"missense_variant"	"Driver"	"0.99"
"17:7675189:G>C"	"141"	"2"	"0.16"	"missense_variant"	"Driver"	"0.91"
"17:7675208:C>A"	"135"	"2"	"0.16"	"missense_variant"	"Driver"	"0.99"
"17:7675208:C>T"	"135"	"2"	"0.16"	"missense_variant"	"Driver"	"0.99"
"17:7675237:C>A"	"-"	"2"	"0.16"	"splice_acceptor_variant"	"Not assessed"	""
"17:7675238:T>C"	"-"	"2"	"0.16"	"splice_acceptor_variant"	"Not assessed"	""
"17:7675994:C>T"	"125"	"2"	"0.16"	"splice_region_variant"	"Passenger"	"0.26"
"17:7676055:C>T"	"105"	"2"	"0.16"	"missense_variant"	"Driver"	"0.99"
"17:7676096:C>T"	"91"	"2"	"0.16"	"stop_gained"	"Driver"	"0.99"
"17:7676208:A>-"	"54"	"2"	"0.16"	"frameshift_variant"	"Not assessed"	""
"17:7676273:C>A"	"-"	"2"	"0.16"	"splice_acceptor_variant"	"Not assessed"	""
"17:7669617:AGTCAGGCCCT>-"	"388-392"	"1"	"0.08"	"frameshift_variant"	"Not assessed"	""
"17:7669620:C>T"	"391"	"1"	"0.08"	"missense_variant"	"Passenger"	"0"
"17:7670646:C>T"	"355"	"1"	"0.08"	"missense_variant"	"Passenger"	"0.04"
"17:7670649:G>A"	"354"	"1"	"0.08"	"stop_gained"	"Driver"	"0.99"
"17:7670649:G>C"	"354"	"1"	"0.08"	"missense_variant"	"Passenger"	"0.02"
"17:7670658:T>A"	"351"	"1"	"0.08"	"stop_gained"	"Driver"	"0.99"
"17:7670664:C>A"	"349"	"1"	"0.08"	"stop_gained"	"Driver"	"0.99"
"17:7670665:C>G"	"348"	"1"	"0.08"	"missense_variant"	"Passenger"	"0.07"
"17:7670673:C>A"	"346"	"1"	"0.08"	"stop_gained"	"Driver"	"0.99"
"17:7670687:A>T"	"341"	"1"	"0.08"	"missense_variant"	"Passenger"	"0.24"
"17:7670688:->CTTC"	"340-341"	"1"	"0.08"	"frameshift_variant"	"Not assessed"	""
"17:7670694:C>-"	"339"	"1"	"0.08"	"frameshift_variant"	"Not assessed"	""
"17:7670703:C>A"	"336"	"1"	"0.08"	"stop_gained"	"Driver"	"1"
"17:7670708:C>G"	"334"	"1"	"0.08"	"missense_variant"	"Driver"	"0.8"
"17:7670716:C>A"	"-"	"1"	"0.08"	"splice_acceptor_variant"	"Not assessed"	""
"17:7673534:C>T"	"-"	"1"	"0.08"	"splice_donor_variant"	"Not assessed"	""
"17:7673535:C>A"	"331"	"1"	"0.08"	"missense_variant"	"Passenger"	"0.07"
"17:7673540:G>-"	"330"	"1"	"0.08"	"frameshift_variant"	"Not assessed"	""
"17:7673554:C>A"	"325"	"1"	"0.08"	"missense_variant"	"Passenger"	"0.04"
"17:7673555:C>A"	"325"	"1"	"0.08"	"stop_gained"	"Driver"	"0.99"
"17:7673568:C>T"	"320"	"1"	"0.08"	"synonymous_variant"	"Passenger"	"0"
"17:7673592:G>-"	"312"	"1"	"0.08"	"frameshift_variant"	"Not assessed"	""
"17:7673700:C>T"	"-"	"1"	"0.08"	"splice_donor_variant"	"Not assessed"	""
"17:7673704:G>A"	"306"	"1"	"0.08"	"stop_gained"	"Driver"	"0.98"
"17:7673704:GCTT>-"	"305-306"	"1"	"0.08"	"frameshift_variant"	"Not assessed"	""
"17:7673706:T>-"	"305"	"1"	"0.08"	"frameshift_variant"	"Not assessed"	""
"17:7673734:G>-"	"296"	"1"	"0.08"	"frameshift_variant"	"Not assessed"	""
"17:7673737:->CT"	"294-295"	"1"	"0.08"	"frameshift_variant"	"Not assessed"	""
"17:7673763:T>C"	"286"	"1"	"0.08"	"missense_variant"	"Driver"	"1"
"17:7673764:C>A"	"286"	"1"	"0.08"	"stop_gained"	"Driver"	"0.98"
"17:7673764:CC>AT"	"285-286"	"1"	"0.08"	"stop_gained"	"Not assessed"	""
"17:7673767:C>A"	"285"	"1"	"0.08"	"stop_gained"	"Driver"	"0.98"
"17:7673771:GCGCCG>-"	"282-283"	"1"	"0.08"	"inframe_deletion"	"Not assessed"	""
"17:7673777:G>T"	"281"	"1"	"0.08"	"missense_variant"	"Driver"	"0.99"
"17:7673779:C>T"	"281"	"1"	"0.08"	"missense_variant"	"Driver"	"1"
"17:7673781:C>T"	"280"	"1"	"0.08"	"missense_variant"	"Driver"	"1"
"17:7673783:C>-"	"279"	"1"	"0.08"	"frameshift_variant"	"Not assessed"	""
"17:7673787:G>A"	"278"	"1"	"0.08"	"missense_variant"	"Driver"	"0.99"
"17:7673788:G>A"	"278"	"1"	"0.08"	"missense_variant"	"Driver"	"0.99"
"17:7673788:G>C"	"278"	"1"	"0.08"	"missense_variant"	"Driver"	"0.99"
"17:7673788:G>T"	"278"	"1"	"0.08"	"missense_variant"	"Driver"	"0.99"
"17:7673797:A>C"	"275"	"1"	"0.08"	"missense_variant"	"Driver"	"0.97"
"17:7673799:A>C"	"274"	"1"	"0.08"	"missense_variant"	"Driver"	"0.97"
"17:7673803:G>A"	"273"	"1"	"0.08"	"missense_variant"	"Driver"	"1"
"17:7673803:G>T"	"273"	"1"	"0.08"	"missense_variant"	"Driver"	"1"
"17:7673805:AC>TT"	"272"	"1"	"0.08"	"missense_variant"	"Not assessed"	""
"17:7673806:C>T"	"272"	"1"	"0.08"	"missense_variant"	"Driver"	"1"
"17:7673809:C>T"	"271"	"1"	"0.08"	"missense_variant"	"Driver"	"1"
"17:7673811:A>C"	"270"	"1"	"0.08"	"missense_variant"	"Driver"	"1"
"17:7673812:A>C"	"270"	"1"	"0.08"	"missense_variant"	"Driver"	"0.97"
"17:7673824:C>G"	"266"	"1"	"0.08"	"missense_variant"	"Driver"	"1"
"17:7673824:C>T"	"266"	"1"	"0.08"	"missense_variant"	"Driver"	"1"
"17:7673839:T>A"	"-"	"1"	"0.08"	"splice_acceptor_variant"	"Not assessed"	""
"17:7674158:CAGGGTGGCAAGTGGCTCCTGACCTGGAGTCTTC>-"	"258-?"	"1"	"0.08"	"splice_donor_variant"	"Not assessed"	""
"17:7674180:C>T"	"-"	"1"	"0.08"	"splice_donor_variant"	"Not assessed"	""
"17:7674187:T>A"	"259"	"1"	"0.08"	"missense_variant"	"Passenger"	"0.02"
"17:7674189:T>A"	"258"	"1"	"0.08"	"missense_variant"	"Driver"	"0.86"
"17:7674191:C>G"	"258"	"1"	"0.08"	"missense_variant"	"Driver"	"1"
"17:7674212:T>A"	"251"	"1"	"0.08"	"missense_variant"	"Passenger"	"0.11"
"17:7674213:G>A"	"250"	"1"	"0.08"	"synonymous_variant"	"Passenger"	"0"
"17:7674217:C>G"	"249"	"1"	"0.08"	"missense_variant"	"Driver"	"1"
"17:7674218:T>A"	"249"	"1"	"0.08"	"missense_variant"	"Driver"	"1"
"17:7674219:C>-"	"248"	"1"	"0.08"	"frameshift_variant"	"Not assessed"	""
"17:7674221:G>C"	"248"	"1"	"0.08"	"missense_variant"	"Driver"	"0.99"
"17:7674223:T>A"	"247"	"1"	"0.08"	"missense_variant"	"Driver"	"0.76"
"17:7674225:C>T"	"246"	"1"	"0.08"	"missense_variant"	"Driver"	"0.97"
"17:7674227:T>C"	"246"	"1"	"0.08"	"missense_variant"	"Driver"	"0.76"
"17:7674229:C>T"	"245"	"1"	"0.08"	"missense_variant"	"Driver"	"1"
"17:7674233:C>T"	"244"	"1"	"0.08"	"missense_variant"	"Driver"	"1"
"17:7674234:CATGCAGGAACTGTTACA>-"	"238-243"	"1"	"0.08"	"inframe_deletion"	"Not assessed"	""
"17:7674237:G>C"	"242"	"1"	"0.08"	"missense_variant"	"Driver"	"0.93"
"17:7674239:A>T"	"242"	"1"	"0.08"	"missense_variant"	"Driver"	"0.92"
"17:7674241:GAACTGTTACACATGTAGTTGTA>-"	"234-241"	"1"	"0.08"	"frameshift_variant"	"Not assessed"	""
"17:7674247:T>C"	"239"	"1"	"0.08"	"missense_variant"	"Driver"	"0.99"
"17:7674248:T>C"	"239"	"1"	"0.08"	"missense_variant"	"Driver"	"0.99"
"17:7674249:ACAC>-"	"237-238"	"1"	"0.08"	"frameshift_variant"	"Not assessed"	""
"17:7674250:C>A"	"238"	"1"	"0.08"	"missense_variant"	"Driver"	"1"
"17:7674250:CACAT>-"	"237-238"	"1"	"0.08"	"frameshift_variant"	"Not assessed"	""
"17:7674251:A>G"	"238"	"1"	"0.08"	"missense_variant"	"Driver"	"0.84"
"17:7674252:C>A"	"237"	"1"	"0.08"	"missense_variant"	"Driver"	"1"
"17:7674252:C>G"	"237"	"1"	"0.08"	"missense_variant"	"Driver"	"1"
"17:7674254:T>C"	"237"	"1"	"0.08"	"missense_variant"	"Driver"	"0.99"
"17:7674255:G>C"	"236"	"1"	"0.08"	"stop_gained"	"Driver"	"0.94"
"17:7674255:G>T"	"236"	"1"	"0.08"	"stop_gained"	"Driver"	"0.94"
"17:7674256:T>A"	"236"	"1"	"0.08"	"missense_variant"	"Driver"	"0.94"
"17:7674257:A>C"	"236"	"1"	"0.08"	"missense_variant"	"Driver"	"0.85"
"17:7674261:G>C"	"234"	"1"	"0.08"	"stop_gained"	"Driver"	"0.97"
"17:7674262:T>C"	"234"	"1"	"0.08"	"missense_variant"	"Passenger"	"0.01"
"17:7674263:A>G"	"234"	"1"	"0.08"	"missense_variant"	"Passenger"	"0.15"
"17:7674267:GATGGT>-"	"231-232"	"1"	"0.08"	"inframe_deletion"	"Not assessed"	""
"17:7674269:T>A"	"232"	"1"	"0.08"	"missense_variant"	"Driver"	"0.96"
"17:7674276:AC>-"	"229"	"1"	"0.08"	"frameshift_variant"	"Not assessed"	""
"17:7674286:CCAACCTAGGAGATAACACAGGC>-"	"?-226"	"1"	"0.08"	"splice_acceptor_variant"	"Not assessed"	""
"17:7674291:C>G"	"-"	"1"	"0.08"	"splice_acceptor_variant"	"Not assessed"	""
"17:7674857:A>G"	"-"	"1"	"0.08"	"splice_donor_variant"	"Not assessed"	""
"17:7674857:A>T"	"-"	"1"	"0.08"	"splice_donor_variant"	"Not assessed"	""
"17:7674858:C>T"	"-"	"1"	"0.08"	"splice_donor_variant"	"Not assessed"	""
"17:7674859:C>A"	"224"	"1"	"0.08"	"missense_variant"	"Passenger"	"0.12"
"17:7674873:A>T"	"220"	"1"	"0.08"	"missense_variant"	"Driver"	"0.97"
"17:7674874:G>-"	"219"	"1"	"0.08"	"frameshift_variant"	"Not assessed"	""
"17:7674878:A>C"	"218"	"1"	"0.08"	"missense_variant"	"Passenger"	"0.15"
"17:7674885:C>T"	"216"	"1"	"0.08"	"missense_variant"	"Driver"	"1"
"17:7674888:T>C"	"215"	"1"	"0.08"	"missense_variant"	"Driver"	"0.99"
"17:7674888:TA>-"	"214-215"	"1"	"0.08"	"frameshift_variant"	"Not assessed"	""
"17:7674890:T>C"	"214"	"1"	"0.08"	"missense_variant"	"Driver"	"0.98"
"17:7674893:C>A"	"213"	"1"	"0.08"	"missense_variant"	"Driver"	"0.82"
"17:7674893:C>G"	"213"	"1"	"0.08"	"missense_variant"	"Driver"	"0.82"
"17:7674904:TC>-"	"209"	"1"	"0.08"	"frameshift_variant"	"Not assessed"	""
"17:7674917:T>A"	"205"	"1"	"0.08"	"missense_variant"	"Driver"	"1"
"17:7674918:A>G"	"205"	"1"	"0.08"	"missense_variant"	"Driver"	"1"
"17:7674924:C>A"	"203"	"1"	"0.08"	"missense_variant"	"Passenger"	"0"
"17:7674935:C>A"	"199"	"1"	"0.08"	"missense_variant"	"Passenger"	"0.19"
"17:7674936:C>A"	"199"	"1"	"0.08"	"stop_gained"	"Driver"	"0.99"
"17:7674939:C>-"	"198"	"1"	"0.08"	"frameshift_variant"	"Not assessed"	""
"17:7674940:C>A"	"197"	"1"	"0.08"	"synonymous_variant"	"Passenger"	"0"
"17:7674946:G>C"	"195"	"1"	"0.08"	"missense_variant"	"Driver"	"0.99"
"17:7674947:A>T"	"195"	"1"	"0.08"	"missense_variant"	"Driver"	"0.98"
"17:7674953:T>A"	"193"	"1"	"0.08"	"missense_variant"	"Driver"	"0.99"
"17:7674953:T>G"	"193"	"1"	"0.08"	"missense_variant"	"Driver"	"0.99"
"17:7674954:G>T"	"193"	"1"	"0.08"	"missense_variant"	"Driver"	"0.99"
"17:7674961:->G"	"190"	"1"	"0.08"	"frameshift_variant"	"Passenger"	"0"
"17:7674962:G>A"	"190"	"1"	"0.08"	"missense_variant"	"Passenger"	"0.08"
"17:7674963:G>T"	"190"	"1"	"0.08"	"missense_variant"	"Passenger"	"0.06"
"17:7674970:AC>-"	"187"	"1"	"0.08"	"frameshift_variant"	"Not assessed"	""
"17:7674972:C>G"	"-"	"1"	"0.08"	"splice_acceptor_variant"	"Not assessed"	""
"17:7674972:C>T"	"-"	"1"	"0.08"	"splice_acceptor_variant"	"Not assessed"	""
"17:7675052:C>A"	"-"	"1"	"0.08"	"splice_donor_variant"	"Not assessed"	""
"17:7675064:G>C"	"183"	"1"	"0.08"	"stop_gained"	"Driver"	"0.98"
"17:7675074:C>A"	"180"	"1"	"0.08"	"stop_gained"	"Driver"	"0.94"
"17:7675074:C>T"	"180"	"1"	"0.08"	"missense_variant"	"Driver"	"1"
"17:7675075:A>C"	"179"	"1"	"0.08"	"missense_variant"	"Driver"	"0.97"
"17:7675075:A>T"	"179"	"1"	"0.08"	"missense_variant"	"Driver"	"0.97"
"17:7675077:G>A"	"179"	"1"	"0.08"	"missense_variant"	"Driver"	"0.99"
"17:7675079:TGGGGGCAGCGCCTCA>-"	"173-178"	"1"	"0.08"	"frameshift_variant"	"Not assessed"	""
"17:7675083:G>T"	"177"	"1"	"0.08"	"missense_variant"	"Driver"	"0.99"
"17:7675094:A>C"	"173"	"1"	"0.08"	"missense_variant"	"Driver"	"0.97"
"17:7675098:C>A"	"172"	"1"	"0.08"	"missense_variant"	"Driver"	"0.79"
"17:7675100:T>C"	"171"	"1"	"0.08"	"missense_variant"	"Driver"	"0.98"
"17:7675101:C>T"	"171"	"1"	"0.08"	"missense_variant"	"Driver"	"1"
"17:7675105:C>T"	"169"	"1"	"0.08"	"missense_variant"	"Passenger"	"0.16"
"17:7675109:T>-"	"168"	"1"	"0.08"	"frameshift_variant"	"Not assessed"	""
"17:7675109:T>A"	"168"	"1"	"0.08"	"missense_variant"	"Driver"	"1"
"17:7675113:G>A"	"167"	"1"	"0.08"	"stop_gained"	"Driver"	"0.98"
"17:7675119:G>A"	"165"	"1"	"0.08"	"stop_gained"	"Driver"	"0.96"
"17:7675122:T>A"	"164"	"1"	"0.08"	"stop_gained"	"Driver"	"0.93"
"17:7675125:A>C"	"163"	"1"	"0.08"	"missense_variant"	"Driver"	"0.97"
"17:7675125:A>G"	"163"	"1"	"0.08"	"missense_variant"	"Driver"	"0.97"
"17:7675130:G>A"	"161"	"1"	"0.08"	"missense_variant"	"Driver"	"0.99"
"17:7675130:G>T"	"161"	"1"	"0.08"	"missense_variant"	"Driver"	"0.99"
"17:7675139:C>G"	"158"	"1"	"0.08"	"missense_variant"	"Driver"	"1"
"17:7675140:G>-"	"158"	"1"	"0.08"	"frameshift_variant"	"Not assessed"	""
"17:7675148:G>A"	"155"	"1"	"0.08"	"missense_variant"	"Driver"	"0.99"
"17:7675149:T>G"	"155"	"1"	"0.08"	"missense_variant"	"Driver"	"0.99"
"17:7675151:C>-"	"154"	"1"	"0.08"	"frameshift_variant"	"Not assessed"	""
"17:7675155:->A"	"152-153"	"1"	"0.08"	"frameshift_variant"	"Passenger"	"0.01"
"17:7675157:G>-"	"152"	"1"	"0.08"	"frameshift_variant"	"Not assessed"	""
"17:7675171:A>-"	"147"	"1"	"0.08"	"frameshift_variant"	"Not assessed"	""
"17:7675174:C>T"	"146"	"1"	"0.08"	"stop_gained"	"Driver"	"1"
"17:7675180:C>A"	"144"	"1"	"0.08"	"missense_variant"	"Driver"	"0.92"
"17:7675181:T>A"	"144"	"1"	"0.08"	"missense_variant"	"Driver"	"0.94"
"17:7675185:CAGGGCAGGTCTTGGC>-"	"138-143"	"1"	"0.08"	"frameshift_variant"	"Not assessed"	""
"17:7675189:G>T"	"141"	"1"	"0.08"	"stop_gained"	"Driver"	"0.98"
"17:7675190:C>A"	"141"	"1"	"0.08"	"missense_variant"	"Driver"	"0.99"
"17:7675190:C>T"	"141"	"1"	"0.08"	"missense_variant"	"Driver"	"0.99"
"17:7675196:T>-"	"139"	"1"	"0.08"	"frameshift_variant"	"Not assessed"	""
"17:7675206:G>C"	"136"	"1"	"0.08"	"missense_variant"	"Passenger"	"0.05"
"17:7675209:A>-"	"135"	"1"	"0.08"	"frameshift_variant"	"Not assessed"	""
"17:7675216:C>A"	"132"	"1"	"0.08"	"missense_variant"	"Driver"	"0.9"
"17:7675218:T>C"	"132"	"1"	"0.08"	"missense_variant"	"Driver"	"0.93"
"17:7675219:G>-"	"131"	"1"	"0.08"	"frameshift_variant"	"Not assessed"	""
"17:7675220:T>A"	"131"	"1"	"0.08"	"missense_variant"	"Passenger"	"0.05"
"17:7675224:G>A"	"130"	"1"	"0.08"	"missense_variant"	"Driver"	"0.99"
"17:7675224:G>C"	"130"	"1"	"0.08"	"missense_variant"	"Driver"	"0.99"
"17:7675235:T>C"	"126"	"1"	"0.08"	"missense_variant"	"Passenger"	"0.06"
"17:7675992:A>T"	"-"	"1"	"0.08"	"splice_donor_variant"	"Not assessed"	""
"17:7675993:C>A"	"-"	"1"	"0.08"	"splice_donor_variant"	"Not assessed"	""
"17:7675993:C>G"	"-"	"1"	"0.08"	"splice_donor_variant"	"Not assessed"	""
"17:7675994:C>G"	"125"	"1"	"0.08"	"splice_region_variant"	"Passenger"	"0.26"
"17:7675997:G>T"	"124"	"1"	"0.08"	"stop_gained"	"Driver"	"0.99"
"17:7676011:T>C"	"120"	"1"	"0.08"	"missense_variant"	"Driver"	"0.98"
"17:7676022:G>A"	"116"	"1"	"0.08"	"missense_variant"	"Passenger"	"0.01"
"17:7676028:A>T"	"114"	"1"	"0.08"	"stop_gained"	"Driver"	"0.98"
"17:7676048:G>T"	"107"	"1"	"0.08"	"stop_gained"	"Driver"	"1"
"17:7676088:G>A"	"94"	"1"	"0.08"	"missense_variant"	"Passenger"	"0.02"
"17:7676139:G>A"	"77"	"1"	"0.08"	"missense_variant"	"Passenger"	"0"
"17:7676153:G>-"	"72"	"1"	"0.08"	"frameshift_variant"	"Not assessed"	""
"17:7676163:->C"	"69"	"1"	"0.08"	"frameshift_variant"	"Passenger"	"0"
"17:7676167:C>A"	"68"	"1"	"0.08"	"stop_gained"	"Driver"	"0.96"
"17:7676176:T>A"	"65"	"1"	"0.08"	"stop_gained"	"Driver"	"0.98"
"17:7676185:C>A"	"62"	"1"	"0.08"	"stop_gained"	"Driver"	"0.98"
"17:7676193:CCTGGGTCTTCAGTGAACCATTGTT>-"	"51-59"	"1"	"0.08"	"frameshift_variant"	"Not assessed"	""
"17:7676196:G>-"	"58"	"1"	"0.08"	"frameshift_variant"	"Not assessed"	""
"17:7676200:C>T"	"57"	"1"	"0.08"	"missense_variant"	"Passenger"	"0"
"17:7676207:G>A"	"54"	"1"	"0.08"	"synonymous_variant"	"Passenger"	"0"
"17:7676210:C>T"	"53"	"1"	"0.08"	"stop_gained"	"Driver"	"0.97"
"17:7676215:G>A"	"52"	"1"	"0.08"	"stop_gained"	"Driver"	"0.98"
"17:7676218:CAATATCGTC>-"	"48-51"	"1"	"0.08"	"frameshift_variant"	"Not assessed"	""
"17:7676264:->A"	"35"	"1"	"0.08"	"frameshift_variant"	"Passenger"	"0"
"17:7676265:A>-"	"35"	"1"	"0.08"	"frameshift_variant"	"Not assessed"	""
"17:7676274:T>A"	"-"	"1"	"0.08"	"splice_acceptor_variant"	"Not assessed"	""