"Mutation (GRCh38)"	"Protein Position"	"Samples"	"Samples (%)"	"Consequence"	"Driver"	"Driver score"
"7:55191822:T>G"	"858"	"109"	"8.97"	"missense_variant"	"Driver"	"1"
"7:55174772:GGAATTAAGAGAAGC>-"	"745-750"	"61"	"5.02"	"inframe_deletion"	"Not assessed"	""
"7:55174773:GAATTAAGAGAAGCA>-"	"746-750"	"20"	"1.65"	"inframe_deletion"	"Not assessed"	""
"7:55191831:T>A"	"861"	"11"	"0.91"	"missense_variant"	"Driver"	"1"
"7:55181312:G>T"	"768"	"10"	"0.82"	"missense_variant"	"Driver"	"0.98"
"7:55181378:C>T"	"790"	"8"	"0.66"	"missense_variant"	"Driver"	"1"
"7:55174015:G>C"	"719"	"7"	"0.58"	"missense_variant"	"Driver"	"0.99"
"7:55142382:T>G"	"62"	"6"	"0.49"	"missense_variant"	"Driver"	"0.93"
"7:55173986:AAC>-"	"709-710"	"6"	"0.49"	"inframe_deletion"	"Not assessed"	""
"7:55174775:ATTAAGAGAAGCAAC>-"	"746-751"	"6"	"0.49"	"inframe_deletion"	"Not assessed"	""
"7:55174774:AATTAAGAGAAGCAACAT>-"	"746-752"	"5"	"0.41"	"inframe_deletion"	"Not assessed"	""
"7:55191746:T>G"	"833"	"4"	"0.33"	"missense_variant"	"Driver"	"0.97"
"7:55174014:G>A"	"719"	"3"	"0.25"	"missense_variant"	"Driver"	"0.99"
"7:55174014:G>T"	"719"	"3"	"0.25"	"missense_variant"	"Driver"	"0.99"
"7:55174776:TTAAGAGAAGCAACATCT>-"	"747-752"	"3"	"0.25"	"inframe_deletion"	"Not assessed"	""
"7:55174777:TAAGAGAAGCAACATCTC>-"	"747-753"	"3"	"0.25"	"inframe_deletion"	"Not assessed"	""
"7:55181305:->TGGCCAGCG"	"766"	"3"	"0.25"	"inframe_insertion"	"Not assessed"	""
"7:55191823:G>T"	"858"	"3"	"0.25"	"synonymous_variant"	"Passenger"	"0.01"
"7:55173979:T>G"	"707"	"2"	"0.16"	"missense_variant"	"Passenger"	"0.01"
"7:55174773:GAATTAAGA>-"	"746-748"	"2"	"0.16"	"inframe_deletion"	"Not assessed"	""
"7:55174774:AATTAAGAGAAGCAA>-"	"746-751"	"2"	"0.16"	"inframe_deletion"	"Not assessed"	""
"7:55174797:AAAGCCAACAAGGAAATC>-"	"754-759"	"2"	"0.16"	"inframe_deletion"	"Not assessed"	""
"7:55181287:->TCCAGGAAGCCT"	"-"	"2"	"0.16"	"splice_region_variant"	"Not assessed"	""
"7:55191748:G>T"	"833"	"2"	"0.16"	"missense_variant"	"Driver"	"0.98"
"7:55198734:T>A"	"907"	"2"	"0.16"	"missense_variant"	"Passenger"	"0.45"
"7:55019307:G>C"	"10"	"1"	"0.08"	"synonymous_variant"	"Passenger"	"0"
"7:55143335:A>G"	"91"	"1"	"0.08"	"missense_variant"	"Passenger"	"0.42"
"7:55152547:G>T"	"210"	"1"	"0.08"	"splice_region_variant"	"Passenger"	"0.01"
"7:55152626:GC>TA"	"237"	"1"	"0.08"	"missense_variant"	"Not assessed"	""
"7:55154029:G>T"	"256"	"1"	"0.08"	"missense_variant"	"Passenger"	"0.19"
"7:55155837:T>C"	"299"	"1"	"0.08"	"synonymous_variant"	"Passenger"	"0"
"7:55155838:G>A"	"300"	"1"	"0.08"	"missense_variant"	"Passenger"	"0.48"
"7:55156599:A>G"	"358"	"1"	"0.08"	"missense_variant"	"Passenger"	"0.15"
"7:55156613:A>G"	"363"	"1"	"0.08"	"missense_variant"	"Passenger"	"0.01"
"7:55156784:C>A"	"387"	"1"	"0.08"	"missense_variant"	"Passenger"	"0.31"
"7:55160276:A>T"	"479"	"1"	"0.08"	"missense_variant"	"Passenger"	"0.18"
"7:55160296:C>T"	"486"	"1"	"0.08"	"stop_gained"	"Passenger"	"0.01"
"7:55161606:G>A"	"536"	"1"	"0.08"	"missense_variant"	"Driver"	"0.52"
"7:55163743:G>C"	"548"	"1"	"0.08"	"missense_variant"	"Passenger"	"0.01"
"7:55163822:G>T"	"574"	"1"	"0.08"	"missense_variant"	"Passenger"	"0.41"
"7:55165436:G>T"	"627"	"1"	"0.08"	"stop_gained"	"Passenger"	"0"
"7:55171191:C>T"	"633"	"1"	"0.08"	"missense_variant"	"Driver"	"0.73"
"7:55172997:C>G"	"645"	"1"	"0.08"	"missense_variant"	"Driver"	"0.66"
"7:55173019:G>T"	"652"	"1"	"0.08"	"synonymous_variant"	"Passenger"	"0"
"7:55173069:G>A"	"669"	"1"	"0.08"	"missense_variant"	"Passenger"	"0.01"
"7:55173985:A>C"	"709"	"1"	"0.08"	"missense_variant"	"Passenger"	"0.01"
"7:55174030:G>C"	"724"	"1"	"0.08"	"missense_variant"	"Driver"	"0.51"
"7:55174769:C>A"	"744"	"1"	"0.08"	"synonymous_variant"	"Passenger"	"0"
"7:55174775:ATTAAGAGAAGC>-"	"746-750"	"1"	"0.08"	"inframe_deletion"	"Not assessed"	""
"7:55174776:T>G"	"747"	"1"	"0.08"	"missense_variant"	"Driver"	"0.85"
"7:55174778:AAGAGAAGCA>-"	"747-750"	"1"	"0.08"	"frameshift_variant"	"Not assessed"	""
"7:55174787:AACATCTCCGAAAGCCAACAAGG>-"	"750-758"	"1"	"0.08"	"frameshift_variant"	"Not assessed"	""
"7:55174789:C>-"	"751"	"1"	"0.08"	"frameshift_variant"	"Not assessed"	""
"7:55174791:TCTCCGAAAGCCAACAAGGAAAT>-"	"752-759"	"1"	"0.08"	"frameshift_variant"	"Not assessed"	""
"7:55174793:T>G"	"752"	"1"	"0.08"	"synonymous_variant"	"Passenger"	"0"
"7:55174796:G>T"	"753"	"1"	"0.08"	"synonymous_variant"	"Passenger"	"0"
"7:55174797:A>G"	"754"	"1"	"0.08"	"missense_variant"	"Driver"	"0.98"
"7:55174802:C>T"	"755"	"1"	"0.08"	"synonymous_variant"	"Passenger"	"0"
"7:55174813:T>A"	"759"	"1"	"0.08"	"missense_variant"	"Driver"	"0.99"
"7:55174814:C>G"	"759"	"1"	"0.08"	"missense_variant"	"Driver"	"0.96"
"7:55181308:->CCAGCGTGT"	"767"	"1"	"0.08"	"inframe_insertion"	"Not assessed"	""
"7:55181309:->CAGCGTGGA"	"767"	"1"	"0.08"	"inframe_insertion"	"Not assessed"	""
"7:55181314:G>T"	"769"	"1"	"0.08"	"missense_variant"	"Passenger"	"0.47"
"7:55181319:->GGCACA"	"770-771"	"1"	"0.08"	"inframe_insertion"	"Not assessed"	""
"7:55181319:->GGGTTA"	"770-771"	"1"	"0.08"	"inframe_insertion"	"Not assessed"	""
"7:55181323:->CCCACG"	"772"	"1"	"0.08"	"inframe_insertion"	"Not assessed"	""
"7:55181324:->CCA"	"772"	"1"	"0.08"	"inframe_insertion"	"Not assessed"	""
"7:55181329:G>A"	"774"	"1"	"0.08"	"missense_variant"	"Driver"	"0.98"
"7:55181336:G>A"	"776"	"1"	"0.08"	"missense_variant"	"Passenger"	"0.47"
"7:55181340:G>T"	"777"	"1"	"0.08"	"synonymous_variant"	"Passenger"	"0"
"7:55191741:G>A"	"831"	"1"	"0.08"	"missense_variant"	"Driver"	"0.89"
"7:55191749:G>T"	"834"	"1"	"0.08"	"missense_variant"	"Driver"	"0.98"
"7:55191753:A>T"	"835"	"1"	"0.08"	"missense_variant"	"Passenger"	"0.23"
"7:55191776:G>A"	"843"	"1"	"0.08"	"missense_variant"	"Passenger"	"0.47"
"7:55191819:G>T"	"857"	"1"	"0.08"	"missense_variant"	"Driver"	"1"
"7:55191821:C>A"	"858"	"1"	"0.08"	"missense_variant"	"Driver"	"1"
"7:55191845:G>A"	"866"	"1"	"0.08"	"missense_variant"	"Driver"	"1"
"7:55191858:A>G"	"870"	"1"	"0.08"	"missense_variant"	"Passenger"	"0.23"
"7:55191861:C>G"	"871"	"1"	"0.08"	"missense_variant"	"Passenger"	"0.26"
"7:55201301:G>T"	"1020"	"1"	"0.08"	"missense_variant"	"Passenger"	"0.33"
"7:55201775:G>T"	"1052"	"1"	"0.08"	"missense_variant"	"Driver"	"0.55"
"7:55201782:G>T"	"1054"	"1"	"0.08"	"splice_region_variant"	"Passenger"	"0.01"
"7:55202603:C>-"	"1083"	"1"	"0.08"	"frameshift_variant"	"Not assessed"	""
"7:55205284:G>T"	"1100"	"1"	"0.08"	"missense_variant"	"Passenger"	"0.39"
"7:55205369:C>T"	"1129"	"1"	"0.08"	"missense_variant"	"Passenger"	"0.28"
"7:55205437:C>T"	"1151"	"1"	"0.08"	"synonymous_variant"	"Passenger"	"0"